id,name,href,salary_min,salary_max,salary_currency,site
1,Разработчик Python,https://ufa.superjob.ru/vakansii/razrabotchik-python-34355862.html,,,,superjob.ru
2,Full-stack tester,https://ufa.superjob.ru/vakansii/full-stack-tester-34382598.html,,120000.0,руб.,superjob.ru
3,Программист,https://ufa.superjob.ru/vakansii/programmist-34344055.html,40000.0,,руб.,superjob.ru
4,Ведущий разработчик Python,https://ufa.superjob.ru/vakansii/veduschij-razrabotchik-python-34355589.html,,,,superjob.ru
5,Python developer Банк 131,https://ufa.hh.ru/vacancy/39067071?query=Python,,,,hh.ru
6,"Программист(С#, Python)",https://ufa.hh.ru/vacancy/38735269?query=Python,25000.0,,руб.,hh.ru
7,Python-разработчик,https://ufa.hh.ru/vacancy/38976715?query=Python,30000,70000,руб.,hh.ru
8,Программист Python,https://ufa.hh.ru/vacancy/38297625?query=Python,75000,120000,руб.,hh.ru
9,Ведущий программист Python,https://ufa.hh.ru/vacancy/38790922?query=Python,140000,205000,руб.,hh.ru
10,Программист Python,https://ufa.hh.ru/vacancy/38239143?query=Python,,,,hh.ru
11,Стажер-разработчик Python,https://ufa.hh.ru/vacancy/38462005?query=Python,,,,hh.ru
12,Разработчик Python/Django,https://ufa.hh.ru/vacancy/38637594?query=Python,60000,100000,руб.,hh.ru
13,Разработчик Python [id 61603],https://ufa.hh.ru/vacancy/38846597?query=Python,,,,hh.ru
14,Разработчик Python/Django,https://ufa.hh.ru/vacancy/38759774?query=Python,60000,100000,руб.,hh.ru
15,"Программист на python, js (в офис)",https://ufa.hh.ru/vacancy/38457459?query=Python,35000,70000,руб.,hh.ru
16,Python-разработчик,https://ufa.hh.ru/vacancy/38690871?query=Python,,,,hh.ru
17,Программист,https://ufa.hh.ru/vacancy/38618017?query=Python,40000.0,,руб.,hh.ru
18,Fullstack-Javascript разработчик,https://ufa.hh.ru/vacancy/38696707?query=Python,70000.0,,руб.,hh.ru
19,Инженер по автоматизированному тестированию,https://ufa.hh.ru/vacancy/36667744?query=Python,,,,hh.ru
20,Инженер-программист,https://ufa.hh.ru/vacancy/39008764?query=Python,60000.0,,руб.,hh.ru
21,Разработчик,https://ufa.hh.ru/vacancy/38911069?query=Python,,,,hh.ru
22,Junior QA Auto Engineer (ученик),https://ufa.hh.ru/vacancy/38547624?query=Python,,,,hh.ru
23,Flutter Middle разработчик,https://ufa.hh.ru/vacancy/38836770?query=Python,40000,90000,руб.,hh.ru
24,"Инженер по сетям, передаче данных и связи",https://ufa.hh.ru/vacancy/39008798?query=Python,35000.0,,руб.,hh.ru
25,Разработчик автотестов,https://ufa.hh.ru/vacancy/38860547?query=Python,,,,hh.ru
26,Инженер-программист/ Middle Java Developer,https://ufa.hh.ru/vacancy/38017709?query=Python,,,,hh.ru
27,Программист/Разработчик,https://ufa.hh.ru/vacancy/39128326?query=Python,,,,hh.ru
28,Junior Product Analyst,https://ufa.hh.ru/vacancy/38436521?query=Python,,,,hh.ru
29,Ведущий инженер по поставке данных [id64881],https://ufa.hh.ru/vacancy/39145580?query=Python,,,,hh.ru
30,Аналитик отдела маркетинга,https://ufa.hh.ru/vacancy/38983986?query=Python,,,,hh.ru
31,Инженер-программист АСУТП,https://ufa.hh.ru/vacancy/38262341?query=Python,,,,hh.ru
32,Специалист по тестированию (г. Екатеринбург),https://ufa.hh.ru/vacancy/36973923?query=Python,,,,hh.ru
33,Middle /Senior Java Developer (Уфа),https://ufa.hh.ru/vacancy/38090223?query=Python,,100000.0,руб.,hh.ru
34,Стажер по автоматизированному тестированию,https://ufa.hh.ru/vacancy/38864847?query=Python,20000,20000,руб.,hh.ru
35,Разработчик Big Data,https://ufa.hh.ru/vacancy/39039074?query=Python,,,,hh.ru
36,Стажер по функциональному тестированию маршрутизаторов,https://ufa.hh.ru/vacancy/38864955?query=Python,20000,20000,руб.,hh.ru
37,Системный инженер DevOps,https://ufa.hh.ru/vacancy/39045337?query=Python,,,,hh.ru
38,Ведущий эксперт поддержки ДБО,https://ufa.hh.ru/vacancy/39025542?query=Python,,,,hh.ru
39,Frontend developer,https://ufa.hh.ru/vacancy/38989166?query=Python,,,,hh.ru
40,Senior QA Engineer/Руководитель группы тестирования [id 52115],https://ufa.hh.ru/vacancy/38968228?query=Python,,,,hh.ru
41,RPA Разработчик,https://ufa.hh.ru/vacancy/37478627?query=Python,,,,hh.ru
42,Стажер по сетевым технологиям,https://ufa.hh.ru/vacancy/38741040?query=Python,,,,hh.ru
43,Инженер-программист/ Junior Java Developer,https://ufa.hh.ru/vacancy/38017656?query=Python,,,,hh.ru
44,"Преподаватель (информатика, робототехника, физика, математика)",https://ufa.hh.ru/vacancy/38918182?query=Python,15000,25000,руб.,hh.ru
45,QA Automation Engineer (Инженер по автоматизации тестирования),https://ufa.hh.ru/vacancy/38879969?query=Python,,,,hh.ru
46,Python developer (Калининград),https://ufa.hh.ru/vacancy/38839432?query=Python,,,,hh.ru
47,Full-stack tester,https://ufa.hh.ru/vacancy/38834142?query=Python,80000.0,,руб.,hh.ru
48,QA Middle инженер (удаленно),https://ufa.hh.ru/vacancy/38874548?query=Python,,92100.0,руб.,hh.ru
49,ИТ-тренер - преподаватель Data Analytics,https://ufa.hh.ru/vacancy/38878231?query=Python,,,,hh.ru
50,Middle Python / Golang / Js (node.js)/ Fullstack Developer (Уфа),https://ufa.hh.ru/vacancy/33602718?query=Python,,100000.0,руб.,hh.ru
51,Backend разработчик,https://ufa.hh.ru/vacancy/38414051?query=Python,90000.0,,руб.,hh.ru
52,DevOps-инженер,https://ufa.hh.ru/vacancy/38397608?query=Python,,80000.0,руб.,hh.ru
53,"Системный инженер / DevOps, Уфа",https://ufa.hh.ru/vacancy/36300162?query=Python,,,,hh.ru
54,QA инженер,https://ufa.hh.ru/vacancy/38567702?query=Python,,,,hh.ru
55,Старший инженер по внедрению,https://ufa.hh.ru/vacancy/38516877?query=Python,,,,hh.ru
56,Программист JS,https://ufa.hh.ru/vacancy/38590537?query=Python,75000,120000,руб.,hh.ru
57,Full-stack разработчик,https://ufa.hh.ru/vacancy/38590545?query=Python,75000,120000,руб.,hh.ru
58,DevOps инженер,https://ufa.hh.ru/vacancy/38010148?query=Python,,,,hh.ru
59,Аналитик центра мониторинга информационной безопасности,https://ufa.hh.ru/vacancy/38605137?query=Python,,,,hh.ru
60,Senior Backend разработчик,https://ufa.hh.ru/vacancy/38286448?query=Python,120000,150000,руб.,hh.ru
61,"Продуктовый аналитик, Москва",https://ufa.hh.ru/vacancy/38627484?query=Python,,,,hh.ru
